[
  {"code": "JFK", "name": "John F. Kennedy International Airport", "city": "New York", "country": "United States", "countryCode": "US", "lat": 40.6413, "lng": -73.7781, "metro": "NYC"},
  {"code": "LAX", "name": "Los Angeles International Airport", "city": "Los Angeles", "country": "United States", "countryCode": "US", "lat": 33.9425, "lng": -118.4081},
  {"code": "SFO", "name": "San Francisco International Airport", "city": "San Francisco", "country": "United States", "countryCode": "US", "lat": 37.6213, "lng": -122.379, "metro": "SFO"},
  {"code": "OAK", "name": "Oakland International Airport", "city": "Oakland", "country": "United States", "countryCode": "US", "lat": 37.7213, "lng": -122.2208, "metro": "SFO"},
  {"code": "SJC", "name": "San Jose International Airport", "city": "San Jose", "country": "United States", "countryCode": "US", "lat": 37.3639, "lng": -121.9289, "metro": "SFO"},
  {"code": "ORD", "name": "O'Hare International Airport", "city": "Chicago", "country": "United States", "countryCode": "US", "lat": 41.9742, "lng": -87.9073, "metro": "CHI"},
  {"code": "MDW", "name": "Chicago Midway International Airport", "city": "Chicago", "country": "United States", "countryCode": "US", "lat": 41.7868, "lng": -87.7522, "metro": "CHI"},
  {"code": "MIA", "name": "Miami International Airport", "city": "Miami", "country": "United States", "countryCode": "US", "lat": 25.7959, "lng": -80.287, "metro": "MIA"},
  {"code": "FLL", "name": "Fort Lauderdale-Hollywood International Airport", "city": "Fort Lauderdale", "country": "United States", "countryCode": "US", "lat": 26.0742, "lng": -80.1506, "metro": "MIA"},
  {"code": "BOS", "name": "Boston Logan International Airport", "city": "Boston", "country": "United States", "countryCode": "US", "lat": 42.3656, "lng": -71.0096},
  {"code": "SEA", "name": "Seattle-Tacoma International Airport", "city": "Seattle", "country": "United States", "countryCode": "US", "lat": 47.4502, "lng": -122.3088},
  {"code": "DFW", "name": "Dallas/Fort Worth International Airport", "city": "Dallas", "country": "United States", "countryCode": "US", "lat": 32.8998, "lng": -97.0403, "metro": "DFW"},
  {"code": "DAL", "name": "Dallas Love Field", "city": "Dallas", "country": "United States", "countryCode": "US", "lat": 32.8471, "lng": -96.8518, "metro": "DFW"},
  {"code": "ATL", "name": "Hartsfield-Jackson Atlanta International Airport", "city": "Atlanta", "country": "United States", "countryCode": "US", "lat": 33.6407, "lng": -84.4277},
  {"code": "DEN", "name": "Denver International Airport", "city": "Denver", "country": "United States", "countryCode": "US", "lat": 39.8561, "lng": -104.6737},
  {"code": "IAD", "name": "Washington Dulles International Airport", "city": "Washington", "country": "United States", "countryCode": "US", "lat": 38.9531, "lng": -77.4565, "metro": "WAS"},
  {"code": "DCA", "name": "Ronald Reagan Washington National Airport", "city": "Washington", "country": "United States", "countryCode": "US", "lat": 38.8512, "lng": -77.0402, "metro": "WAS"},
  {"code": "BWI", "name": "Baltimore/Washington International Airport", "city": "Baltimore", "country": "United States", "countryCode": "US", "lat": 39.1754, "lng": -76.6684, "metro": "WAS"},
  {"code": "EWR", "name": "Newark Liberty International Airport", "city": "Newark", "country": "United States", "countryCode": "US", "lat": 40.6895, "lng": -74.1745, "metro": "NYC"},
  {"code": "LGA", "name": "LaGuardia Airport", "city": "New York", "country": "United States", "countryCode": "US", "lat": 40.7769, "lng": -73.8740, "metro": "NYC"},
  {"code": "PHX", "name": "Phoenix Sky Harbor International Airport", "city": "Phoenix", "country": "United States", "countryCode": "US", "lat": 33.4373, "lng": -112.0078},
  {"code": "LAS", "name": "Harry Reid International Airport", "city": "Las Vegas", "country": "United States", "countryCode": "US", "lat": 36.0840, "lng": -115.1537},
  {"code": "HNL", "name": "Daniel K. Inouye International Airport", "city": "Honolulu", "country": "United States", "countryCode": "US", "lat": 21.3187, "lng": -157.9225},
  {"code": "OGG", "name": "Kahului Airport", "city": "Kahului", "country": "United States", "countryCode": "US", "lat": 20.8986, "lng": -156.4305},
  {"code": "KOA", "name": "Ellison Onizuka Kona International Airport", "city": "Kailua-Kona", "country": "United States", "countryCode": "US", "lat": 19.7388, "lng": -156.0456},
  {"code": "LIH", "name": "Lihue Airport", "city": "Lihue", "country": "United States", "countryCode": "US", "lat": 21.9760, "lng": -159.3390},
  {"code": "CLT", "name": "Charlotte Douglas International Airport", "city": "Charlotte", "country": "United States", "countryCode": "US", "lat": 35.2140, "lng": -80.9431},
  {"code": "PHL", "name": "Philadelphia International Airport", "city": "Philadelphia", "country": "United States", "countryCode": "US", "lat": 39.8721, "lng": -75.2411},
  {"code": "DTW", "name": "Detroit Metropolitan Wayne County Airport", "city": "Detroit", "country": "United States", "countryCode": "US", "lat": 42.2124, "lng": -83.3534},
  {"code": "MSP", "name": "Minneapolis-Saint Paul International Airport", "city": "Minneapolis", "country": "United States", "countryCode": "US", "lat": 44.8848, "lng": -93.2223},
  {"code": "SLC", "name": "Salt Lake City International Airport", "city": "Salt Lake City", "country": "United States", "countryCode": "US", "lat": 40.7884, "lng": -111.9778},
  {"code": "PDX", "name": "Portland International Airport", "city": "Portland", "country": "United States", "countryCode": "US", "lat": 45.5898, "lng": -122.5951},
  {"code": "SAN", "name": "San Diego International Airport", "city": "San Diego", "country": "United States", "countryCode": "US", "lat": 32.7336, "lng": -117.1897},
  {"code": "TPA", "name": "Tampa International Airport", "city": "Tampa", "country": "United States", "countryCode": "US", "lat": 27.9755, "lng": -82.5332},
  {"code": "MCO", "name": "Orlando International Airport", "city": "Orlando", "country": "United States", "countryCode": "US", "lat": 28.4294, "lng": -81.3089},
  {"code": "AUS", "name": "Austin-Bergstrom International Airport", "city": "Austin", "country": "United States", "countryCode": "US", "lat": 30.1975, "lng": -97.6664},
  {"code": "IAH", "name": "George Bush Intercontinental Airport", "city": "Houston", "country": "United States", "countryCode": "US", "lat": 29.9902, "lng": -95.3368, "metro": "HOU"},
  {"code": "HOU", "name": "William P. Hobby Airport", "city": "Houston", "country": "United States", "countryCode": "US", "lat": 29.6454, "lng": -95.2789, "metro": "HOU"},
  {"code": "RDU", "name": "Raleigh-Durham International Airport", "city": "Raleigh", "country": "United States", "countryCode": "US", "lat": 35.8776, "lng": -78.7875},
  {"code": "BNA", "name": "Nashville International Airport", "city": "Nashville", "country": "United States", "countryCode": "US", "lat": 36.1263, "lng": -86.6774},
  {"code": "STL", "name": "St. Louis Lambert International Airport", "city": "St. Louis", "country": "United States", "countryCode": "US", "lat": 38.7487, "lng": -90.3700},
  {"code": "CLE", "name": "Cleveland Hopkins International Airport", "city": "Cleveland", "country": "United States", "countryCode": "US", "lat": 41.4117, "lng": -81.8498},
  {"code": "PIT", "name": "Pittsburgh International Airport", "city": "Pittsburgh", "country": "United States", "countryCode": "US", "lat": 40.4915, "lng": -80.2329},
  {"code": "IND", "name": "Indianapolis International Airport", "city": "Indianapolis", "country": "United States", "countryCode": "US", "lat": 39.7173, "lng": -86.2944},
  {"code": "CMH", "name": "John Glenn Columbus International Airport", "city": "Columbus", "country": "United States", "countryCode": "US", "lat": 39.9980, "lng": -82.8919},
  {"code": "MCI", "name": "Kansas City International Airport", "city": "Kansas City", "country": "United States", "countryCode": "US", "lat": 39.2976, "lng": -94.7139},
  {"code": "SMF", "name": "Sacramento International Airport", "city": "Sacramento", "country": "United States", "countryCode": "US", "lat": 38.6954, "lng": -121.5908},
  {"code": "SNA", "name": "John Wayne Airport", "city": "Santa Ana", "country": "United States", "countryCode": "US", "lat": 33.6757, "lng": -117.8682},
  {"code": "ONT", "name": "Ontario International Airport", "city": "Ontario", "country": "United States", "countryCode": "US", "lat": 34.0560, "lng": -117.6012},
  {"code": "BUR", "name": "Hollywood Burbank Airport", "city": "Burbank", "country": "United States", "countryCode": "US", "lat": 34.2006, "lng": -118.3585},
  {"code": "ABQ", "name": "Albuquerque International Sunport", "city": "Albuquerque", "country": "United States", "countryCode": "US", "lat": 35.0402, "lng": -106.6094},
  {"code": "ANC", "name": "Ted Stevens Anchorage International Airport", "city": "Anchorage", "country": "United States", "countryCode": "US", "lat": 61.1743, "lng": -149.9962},

  {"code": "NRT", "name": "Narita International Airport", "city": "Tokyo", "country": "Japan", "countryCode": "JP", "lat": 35.7647, "lng": 140.3864, "metro": "TYO"},
  {"code": "HND", "name": "Tokyo Haneda Airport", "city": "Tokyo", "country": "Japan", "countryCode": "JP", "lat": 35.5494, "lng": 139.7798, "metro": "TYO"},
  {"code": "KIX", "name": "Kansai International Airport", "city": "Osaka", "country": "Japan", "countryCode": "JP", "lat": 34.4348, "lng": 135.2441, "metro": "OSA"},
  {"code": "ITM", "name": "Osaka Itami Airport", "city": "Osaka", "country": "Japan", "countryCode": "JP", "lat": 34.7854, "lng": 135.4381, "metro": "OSA"},
  {"code": "NGO", "name": "Chubu Centrair International Airport", "city": "Nagoya", "country": "Japan", "countryCode": "JP", "lat": 34.8584, "lng": 136.8123},
  {"code": "FUK", "name": "Fukuoka Airport", "city": "Fukuoka", "country": "Japan", "countryCode": "JP", "lat": 33.5859, "lng": 130.4511},
  {"code": "CTS", "name": "New Chitose Airport", "city": "Sapporo", "country": "Japan", "countryCode": "JP", "lat": 42.7752, "lng": 141.6925},

  {"code": "ICN", "name": "Incheon International Airport", "city": "Seoul", "country": "South Korea", "countryCode": "KR", "lat": 37.4602, "lng": 126.4407, "metro": "SEL"},
  {"code": "GMP", "name": "Gimpo International Airport", "city": "Seoul", "country": "South Korea", "countryCode": "KR", "lat": 37.5583, "lng": 126.7906, "metro": "SEL"},

  {"code": "HKG", "name": "Hong Kong International Airport", "city": "Hong Kong", "country": "Hong Kong", "countryCode": "HK", "lat": 22.3080, "lng": 113.9185},
  {"code": "SIN", "name": "Singapore Changi Airport", "city": "Singapore", "country": "Singapore", "countryCode": "SG", "lat": 1.3644, "lng": 103.9915},
  {"code": "BKK", "name": "Suvarnabhumi Airport", "city": "Bangkok", "country": "Thailand", "countryCode": "TH", "lat": 13.6900, "lng": 100.7501, "metro": "BKK"},
  {"code": "DMK", "name": "Don Mueang International Airport", "city": "Bangkok", "country": "Thailand", "countryCode": "TH", "lat": 13.9126, "lng": 100.6068, "metro": "BKK"},
  {"code": "TPE", "name": "Taiwan Taoyuan International Airport", "city": "Taipei", "country": "Taiwan", "countryCode": "TW", "lat": 25.0777, "lng": 121.2328},
  {"code": "MNL", "name": "Ninoy Aquino International Airport", "city": "Manila", "country": "Philippines", "countryCode": "PH", "lat": 14.5086, "lng": 121.0194},
  {"code": "KUL", "name": "Kuala Lumpur International Airport", "city": "Kuala Lumpur", "country": "Malaysia", "countryCode": "MY", "lat": 2.7456, "lng": 101.7099},
  {"code": "SGN", "name": "Tan Son Nhat International Airport", "city": "Ho Chi Minh City", "country": "Vietnam", "countryCode": "VN", "lat": 10.8188, "lng": 106.6519},
  {"code": "HAN", "name": "Noi Bai International Airport", "city": "Hanoi", "country": "Vietnam", "countryCode": "VN", "lat": 21.2212, "lng": 105.8072},
  {"code": "CGK", "name": "Soekarno-Hatta International Airport", "city": "Jakarta", "country": "Indonesia", "countryCode": "ID", "lat": -6.1256, "lng": 106.6558},
  {"code": "DEL", "name": "Indira Gandhi International Airport", "city": "Delhi", "country": "India", "countryCode": "IN", "lat": 28.5562, "lng": 77.1000},
  {"code": "BOM", "name": "Chhatrapati Shivaji Maharaj International Airport", "city": "Mumbai", "country": "India", "countryCode": "IN", "lat": 19.0896, "lng": 72.8656},

  {"code": "PEK", "name": "Beijing Capital International Airport", "city": "Beijing", "country": "China", "countryCode": "CN", "lat": 40.0799, "lng": 116.6031, "metro": "BJS"},
  {"code": "PKX", "name": "Beijing Daxing International Airport", "city": "Beijing", "country": "China", "countryCode": "CN", "lat": 39.5098, "lng": 116.4105, "metro": "BJS"},
  {"code": "PVG", "name": "Shanghai Pudong International Airport", "city": "Shanghai", "country": "China", "countryCode": "CN", "lat": 31.1434, "lng": 121.8052, "metro": "SHA"},
  {"code": "SHA", "name": "Shanghai Hongqiao International Airport", "city": "Shanghai", "country": "China", "countryCode": "CN", "lat": 31.1979, "lng": 121.3363, "metro": "SHA"},
  {"code": "CAN", "name": "Guangzhou Baiyun International Airport", "city": "Guangzhou", "country": "China", "countryCode": "CN", "lat": 23.3924, "lng": 113.2988},
  {"code": "SZX", "name": "Shenzhen Bao'an International Airport", "city": "Shenzhen", "country": "China", "countryCode": "CN", "lat": 22.6393, "lng": 113.8107},

  {"code": "LHR", "name": "London Heathrow Airport", "city": "London", "country": "United Kingdom", "countryCode": "GB", "lat": 51.4700, "lng": -0.4543, "metro": "LON"},
  {"code": "LGW", "name": "London Gatwick Airport", "city": "London", "country": "United Kingdom", "countryCode": "GB", "lat": 51.1537, "lng": -0.1821, "metro": "LON"},
  {"code": "STN", "name": "London Stansted Airport", "city": "London", "country": "United Kingdom", "countryCode": "GB", "lat": 51.8860, "lng": 0.2389, "metro": "LON"},
  {"code": "LTN", "name": "London Luton Airport", "city": "London", "country": "United Kingdom", "countryCode": "GB", "lat": 51.8747, "lng": -0.3683, "metro": "LON"},
  {"code": "CDG", "name": "Charles de Gaulle Airport", "city": "Paris", "country": "France", "countryCode": "FR", "lat": 49.0097, "lng": 2.5479, "metro": "PAR"},
  {"code": "ORY", "name": "Paris Orly Airport", "city": "Paris", "country": "France", "countryCode": "FR", "lat": 48.7233, "lng": 2.3794, "metro": "PAR"},
  {"code": "FRA", "name": "Frankfurt Airport", "city": "Frankfurt", "country": "Germany", "countryCode": "DE", "lat": 50.0379, "lng": 8.5622},
  {"code": "MUC", "name": "Munich Airport", "city": "Munich", "country": "Germany", "countryCode": "DE", "lat": 48.3538, "lng": 11.7861},
  {"code": "AMS", "name": "Amsterdam Airport Schiphol", "city": "Amsterdam", "country": "Netherlands", "countryCode": "NL", "lat": 52.3105, "lng": 4.7683},
  {"code": "MAD", "name": "Adolfo Suárez Madrid–Barajas Airport", "city": "Madrid", "country": "Spain", "countryCode": "ES", "lat": 40.4983, "lng": -3.5676},
  {"code": "BCN", "name": "Josep Tarradellas Barcelona-El Prat Airport", "city": "Barcelona", "country": "Spain", "countryCode": "ES", "lat": 41.2974, "lng": 2.0833},
  {"code": "FCO", "name": "Leonardo da Vinci–Fiumicino Airport", "city": "Rome", "country": "Italy", "countryCode": "IT", "lat": 41.8003, "lng": 12.2389, "metro": "ROM"},
  {"code": "CIA", "name": "Rome Ciampino Airport", "city": "Rome", "country": "Italy", "countryCode": "IT", "lat": 41.7994, "lng": 12.5949, "metro": "ROM"},
  {"code": "MXP", "name": "Milan Malpensa Airport", "city": "Milan", "country": "Italy", "countryCode": "IT", "lat": 45.6306, "lng": 8.7231, "metro": "MIL"},
  {"code": "LIN", "name": "Milan Linate Airport", "city": "Milan", "country": "Italy", "countryCode": "IT", "lat": 45.4456, "lng": 9.2769, "metro": "MIL"},
  {"code": "ZRH", "name": "Zurich Airport", "city": "Zurich", "country": "Switzerland", "countryCode": "CH", "lat": 47.4647, "lng": 8.5492},
  {"code": "VIE", "name": "Vienna International Airport", "city": "Vienna", "country": "Austria", "countryCode": "AT", "lat": 48.1103, "lng": 16.5697},
  {"code": "CPH", "name": "Copenhagen Airport", "city": "Copenhagen", "country": "Denmark", "countryCode": "DK", "lat": 55.6180, "lng": 12.6508},
  {"code": "ARN", "name": "Stockholm Arlanda Airport", "city": "Stockholm", "country": "Sweden", "countryCode": "SE", "lat": 59.6498, "lng": 17.9238},
  {"code": "OSL", "name": "Oslo Airport, Gardermoen", "city": "Oslo", "country": "Norway", "countryCode": "NO", "lat": 60.1939, "lng": 11.1004},
  {"code": "HEL", "name": "Helsinki Airport", "city": "Helsinki", "country": "Finland", "countryCode": "FI", "lat": 60.3172, "lng": 24.9633},
  {"code": "DUB", "name": "Dublin Airport", "city": "Dublin", "country": "Ireland", "countryCode": "IE", "lat": 53.4264, "lng": -6.2499},
  {"code": "LIS", "name": "Humberto Delgado Airport", "city": "Lisbon", "country": "Portugal", "countryCode": "PT", "lat": 38.7756, "lng": -9.1354},
  {"code": "ATH", "name": "Athens International Airport", "city": "Athens", "country": "Greece", "countryCode": "GR", "lat": 37.9364, "lng": 23.9445},
  {"code": "IST", "name": "Istanbul Airport", "city": "Istanbul", "country": "Turkey", "countryCode": "TR", "lat": 41.2753, "lng": 28.7519, "metro": "IST"},
  {"code": "SAW", "name": "Istanbul Sabiha Gökçen International Airport", "city": "Istanbul", "country": "Turkey", "countryCode": "TR", "lat": 40.8986, "lng": 29.3092, "metro": "IST"},

  {"code": "DXB", "name": "Dubai International Airport", "city": "Dubai", "country": "United Arab Emirates", "countryCode": "AE", "lat": 25.2532, "lng": 55.3657},
  {"code": "AUH", "name": "Abu Dhabi International Airport", "city": "Abu Dhabi", "country": "United Arab Emirates", "countryCode": "AE", "lat": 24.4330, "lng": 54.6511},
  {"code": "DOH", "name": "Hamad International Airport", "city": "Doha", "country": "Qatar", "countryCode": "QA", "lat": 25.2731, "lng": 51.6081},
  {"code": "TLV", "name": "Ben Gurion Airport", "city": "Tel Aviv", "country": "Israel", "countryCode": "IL", "lat": 32.0055, "lng": 34.8854},
  {"code": "CAI", "name": "Cairo International Airport", "city": "Cairo", "country": "Egypt", "countryCode": "EG", "lat": 30.1219, "lng": 31.4056},
  {"code": "JNB", "name": "O.R. Tambo International Airport", "city": "Johannesburg", "country": "South Africa", "countryCode": "ZA", "lat": -26.1392, "lng": 28.2460},
  {"code": "CPT", "name": "Cape Town International Airport", "city": "Cape Town", "country": "South Africa", "countryCode": "ZA", "lat": -33.9715, "lng": 18.6021},

  {"code": "SYD", "name": "Sydney Kingsford Smith Airport", "city": "Sydney", "country": "Australia", "countryCode": "AU", "lat": -33.9399, "lng": 151.1753},
  {"code": "MEL", "name": "Melbourne Airport", "city": "Melbourne", "country": "Australia", "countryCode": "AU", "lat": -37.6690, "lng": 144.8410},
  {"code": "BNE", "name": "Brisbane Airport", "city": "Brisbane", "country": "Australia", "countryCode": "AU", "lat": -27.3842, "lng": 153.1175},
  {"code": "PER", "name": "Perth Airport", "city": "Perth", "country": "Australia", "countryCode": "AU", "lat": -31.9403, "lng": 115.9668},
  {"code": "AKL", "name": "Auckland Airport", "city": "Auckland", "country": "New Zealand", "countryCode": "NZ", "lat": -37.0082, "lng": 174.7850},

  {"code": "YYZ", "name": "Toronto Pearson International Airport", "city": "Toronto", "country": "Canada", "countryCode": "CA", "lat": 43.6777, "lng": -79.6248},
  {"code": "YVR", "name": "Vancouver International Airport", "city": "Vancouver", "country": "Canada", "countryCode": "CA", "lat": 49.1947, "lng": -123.1792},
  {"code": "YUL", "name": "Montréal-Trudeau International Airport", "city": "Montreal", "country": "Canada", "countryCode": "CA", "lat": 45.4706, "lng": -73.7408},
  {"code": "YYC", "name": "Calgary International Airport", "city": "Calgary", "country": "Canada", "countryCode": "CA", "lat": 51.1215, "lng": -114.0076},

  {"code": "MEX", "name": "Mexico City International Airport", "city": "Mexico City", "country": "Mexico", "countryCode": "MX", "lat": 19.4363, "lng": -99.0721},
  {"code": "CUN", "name": "Cancún International Airport", "city": "Cancún", "country": "Mexico", "countryCode": "MX", "lat": 21.0365, "lng": -86.8771},
  {"code": "GRU", "name": "São Paulo/Guarulhos International Airport", "city": "São Paulo", "country": "Brazil", "countryCode": "BR", "lat": -23.4356, "lng": -46.4731, "metro": "SAO"},
  {"code": "CGH", "name": "São Paulo/Congonhas Airport", "city": "São Paulo", "country": "Brazil", "countryCode": "BR", "lat": -23.6261, "lng": -46.6564, "metro": "SAO"},
  {"code": "GIG", "name": "Rio de Janeiro/Galeão International Airport", "city": "Rio de Janeiro", "country": "Brazil", "countryCode": "BR", "lat": -22.8092, "lng": -43.2506, "metro": "RIO"},
  {"code": "SDU", "name": "Rio de Janeiro/Santos Dumont Airport", "city": "Rio de Janeiro", "country": "Brazil", "countryCode": "BR", "lat": -22.9105, "lng": -43.1631, "metro": "RIO"},
  {"code": "EZE", "name": "Ministro Pistarini International Airport", "city": "Buenos Aires", "country": "Argentina", "countryCode": "AR", "lat": -34.8222, "lng": -58.5358, "metro": "BUE"},
  {"code": "AEP", "name": "Jorge Newbery Airfield", "city": "Buenos Aires", "country": "Argentina", "countryCode": "AR", "lat": -34.5592, "lng": -58.4156, "metro": "BUE"},
  {"code": "SCL", "name": "Arturo Merino Benítez International Airport", "city": "Santiago", "country": "Chile", "countryCode": "CL", "lat": -33.3930, "lng": -70.7858},
  {"code": "BOG", "name": "El Dorado International Airport", "city": "Bogotá", "country": "Colombia", "countryCode": "CO", "lat": 4.7016, "lng": -74.1469},
  {"code": "LIM", "name": "Jorge Chávez International Airport", "city": "Lima", "country": "Peru", "countryCode": "PE", "lat": -12.0219, "lng": -77.1143}
]
